{"cameraMode":{"drawMode":0,"name":"Shaded","section":"Shading Mode"},"sceneLighting":true,"audioPlay":false,"sceneViewState":{"showFog":false,"showMaterialUpdate":false,"showSkybox":false,"showFlares":false,"showImageEffects":false,"showParticleSystems":false},"in2DMode":false,"pivot":{"x":22.721738815307618,"y":-18.06635284423828,"z":-7.2843170166015629},"rotation":{"x":0.3326193392276764,"y":-0.051173701882362369,"z":0.018079247325658799,"w":0.9414999485015869},"size":81.87578582763672,"orthographic":true}