{"cameraMode":{"drawMode":0,"name":"Shaded","section":"Shading Mode"},"sceneLighting":true,"audioPlay":false,"sceneViewState":{"showFog":false,"showMaterialUpdate":false,"showSkybox":false,"showFlares":false,"showImageEffects":false,"showParticleSystems":false},"in2DMode":false,"pivot":{"x":97.32393646240235,"y":-43.920562744140628,"z":-23.77850341796875},"rotation":{"x":0.1200985386967659,"y":0.13359826803207398,"z":-0.016312580555677415,"w":0.983596920967102},"size":6799.22705078125,"orthographic":false}